<?xml version="1.0" encoding="UTF-8"?>
<project-private xmlns="http://www.netbeans.org/ns/project-private/1">
    <editor-bookmarks xmlns="http://www.netbeans.org/ns/editor-bookmarks/2" lastBookmarkId="0"/>
    <open-files xmlns="http://www.netbeans.org/ns/projectui-open-files/2">
        <group>
            <file>file:/C:/Users/cuong/Documents/NetBeansProjects/Nhap%20mon/src/controller/KetQuaTruyVan.java</file>
            <file>file:/C:/Users/cuong/Documents/NetBeansProjects/Nhap%20mon/src/model/QLTB.java</file>
            <file>file:/C:/Users/cuong/Documents/NetBeansProjects/Nhap%20mon/src/controller/KetNoiDB.java</file>
            <file>file:/C:/Users/cuong/Documents/NetBeansProjects/Nhap%20mon/src/controller/TruyVan.java</file>
            <file>file:/C:/Users/cuong/Documents/NetBeansProjects/Nhap%20mon/src/view/MainForm.java</file>
        </group>
    </open-files>
</project-private>
